{
  "benchmark": "xeb",
  "backend": "Emerald",
  "backend_name_arg": "Emerald",
  "shots": 1024,
  "depths": [
    1,
    2,
    3,
    4,
    5,
    6
  ],
  "num_circuits_per_depth": 20,
  "per_depth_mean_sem": {
    "1": {
      "mean": 0.7419527892941347,
      "sem": 0.01811671991674059
    },
    "2": {
      "mean": 0.6680220712512941,
      "sem": 0.029752807112950634
    },
    "3": {
      "mean": 0.4709026333419226,
      "sem": 0.051519565211484174
    },
    "4": {
      "mean": 0.3149465502523778,
      "sem": 0.03777791293014355
    },
    "5": {
      "mean": 0.11282964309704716,
      "sem": 0.026236292544069395
    },
    "6": {
      "mean": 0.12945650456025815,
      "sem": 0.02761712045569076
    }
  },
  "fit_A_f": {
    "A": 1.0753351167128506,
    "A_err": 0.11169746125702235,
    "f_per_cycle": 0.7150463667851598,
    "f_err": 0.04290258984277063
  },
  "wall_time_s": 168.16402006149292,
  "utc_finished": "2026-04-28T00:16:06.193008+00:00"
}