{
  "1": {
    "mean": 0.990823328850979,
    "sem": 0.008398481362583617
  }
}