{
  "1": {
    "mean": 1.0036766200871747,
    "sem": 0.0052200348594040906
  }
}