{
  "1": {
    "mean": 0.975387877329819,
    "sem": 0.008062284425183046
  }
}