{
  "1": {
    "mean": 0.9893498489129744,
    "sem": 0.007365553602995097
  }
}